customer_id,name,email,country,created_at
cust_0001,Customer 1,customer1@example.com,FR,2026-01-18T11:48:24Z
cust_0002,Customer 2,customer2@example.com,US,2026-01-27T08:20:21Z
cust_0003,Customer 3,customer3@example.com,US,2026-01-27T11:29:07Z
cust_0004,Customer 4,customer4@example.com,CA,2026-01-13T02:24:35Z
cust_0005,Customer 5,customer5@example.com,NL,2026-01-07T07:44:29Z
cust_0006,Customer 6,customer6@example.com,ES,2026-01-21T14:24:16Z
cust_0007,Customer 7,customer7@example.com,ES,2026-01-29T05:12:06Z
cust_0008,Customer 8,customer8@example.com,DE,2026-01-09T08:58:45Z
cust_0009,Customer 9,customer9@example.com,CA,2026-01-24T21:17:02Z
cust_0010,Customer 10,customer10@example.com,IE,2026-01-14T13:10:47Z
cust_0011,Customer 11,customer11@example.com,DE,2026-01-08T18:33:04Z
cust_0012,Customer 12,customer12@example.com,GB,2026-01-16T01:42:55Z
cust_0013,Customer 13,customer13@example.com,GB,2026-01-28T05:33:53Z
cust_0014,Customer 14,customer14@example.com,DE,2026-01-21T15:22:13Z
cust_0015,Customer 15,customer15@example.com,GB,2026-01-20T14:00:32Z
cust_0016,Customer 16,customer16@example.com,ES,2026-01-13T19:15:52Z
cust_0017,Customer 17,customer17@example.com,US,2026-01-09T04:10:14Z
cust_0018,Customer 18,customer18@example.com,CA,2026-01-22T23:20:12Z
cust_0019,Customer 19,customer19@example.com,GB,2026-01-11T10:41:09Z
cust_0020,Customer 20,customer20@example.com,DE,2026-01-14T16:31:10Z
cust_0021,Customer 21,customer21@example.com,CA,2026-01-01T18:13:32Z
cust_0022,Customer 22,customer22@example.com,DE,2026-01-25T18:29:02Z
cust_0023,Customer 23,customer23@example.com,GB,2026-01-30T22:45:59Z
cust_0024,Customer 24,customer24@example.com,FR,2026-01-10T05:33:52Z
cust_0025,Customer 25,customer25@example.com,DE,2026-01-12T19:38:17Z
cust_0026,Customer 26,customer26@example.com,US,2026-01-31T21:48:24Z
cust_0027,Customer 27,customer27@example.com,ES,2026-01-11T00:42:32Z
cust_0028,Customer 28,customer28@example.com,NL,2026-01-04T11:11:46Z
cust_0029,Customer 29,customer29@example.com,US,2026-01-08T08:46:11Z
cust_0030,Customer 30,customer30@example.com,GB,2026-01-29T03:07:06Z
cust_0031,Customer 31,customer31@example.com,ES,2026-01-24T02:31:11Z
cust_0032,Customer 32,customer32@example.com,DE,2026-01-25T04:40:28Z
cust_0033,Customer 33,customer33@example.com,ES,2026-01-22T20:01:03Z
cust_0034,Customer 34,customer34@example.com,CA,2026-01-06T19:12:43Z
cust_0035,Customer 35,customer35@example.com,IE,2026-01-28T07:42:40Z
cust_0036,Customer 36,customer36@example.com,FR,2026-01-30T11:20:57Z
cust_0037,Customer 37,customer37@example.com,NL,2026-01-13T15:57:02Z
cust_0038,Customer 38,customer38@example.com,ES,2026-01-29T04:24:20Z
cust_0039,Customer 39,customer39@example.com,FR,2026-01-08T02:19:52Z
cust_0040,Customer 40,customer40@example.com,US,2026-01-11T21:25:10Z
cust_0041,Customer 41,customer41@example.com,FR,2026-01-18T21:25:28Z
cust_0042,Customer 42,customer42@example.com,US,2026-01-08T02:35:05Z
cust_0043,Customer 43,customer43@example.com,US,2026-01-23T08:20:07Z
cust_0044,Customer 44,customer44@example.com,US,2026-01-03T12:01:49Z
cust_0045,Customer 45,customer45@example.com,FR,2026-01-03T10:08:20Z
cust_0046,Customer 46,customer46@example.com,ES,2026-01-22T07:48:00Z
cust_0047,Customer 47,customer47@example.com,DE,2026-01-18T20:47:27Z
cust_0048,Customer 48,customer48@example.com,ES,2026-01-19T08:50:50Z
cust_0049,Customer 49,customer49@example.com,ES,2026-01-26T14:49:14Z
cust_0050,Customer 50,customer50@example.com,GB,2026-01-07T03:31:44Z
cust_0051,Customer 51,customer51@example.com,IE,2026-01-22T12:53:58Z
cust_0052,Customer 52,customer52@example.com,IE,2026-01-14T17:00:13Z
cust_0053,Customer 53,customer53@example.com,US,2026-01-28T23:47:29Z
cust_0054,Customer 54,customer54@example.com,GB,2026-01-21T02:12:24Z
cust_0055,Customer 55,customer55@example.com,NL,2026-01-13T03:58:42Z
cust_0056,Customer 56,customer56@example.com,FR,2026-01-08T06:55:31Z
cust_0057,Customer 57,customer57@example.com,ES,2026-01-18T05:06:13Z
cust_0058,Customer 58,customer58@example.com,DE,2026-01-14T10:08:29Z
cust_0059,Customer 59,customer59@example.com,FR,2026-01-15T02:44:40Z
cust_0060,Customer 60,customer60@example.com,GB,2026-01-15T01:50:30Z
cust_0061,Customer 61,customer61@example.com,US,2026-01-21T03:23:44Z
cust_0062,Customer 62,customer62@example.com,FR,2026-01-30T06:03:18Z
cust_0063,Customer 63,customer63@example.com,ES,2026-01-14T17:31:32Z
cust_0064,Customer 64,customer64@example.com,IE,2026-01-07T02:08:05Z
cust_0065,Customer 65,customer65@example.com,IE,2026-01-06T00:04:42Z
cust_0066,Customer 66,customer66@example.com,CA,2026-01-13T16:33:58Z
cust_0067,Customer 67,customer67@example.com,IE,2026-01-10T20:14:05Z
cust_0068,Customer 68,customer68@example.com,ES,2026-01-22T05:38:09Z
cust_0069,Customer 69,customer69@example.com,CA,2026-01-07T07:55:34Z
cust_0070,Customer 70,customer70@example.com,US,2026-01-31T21:05:14Z
cust_0071,Customer 71,customer71@example.com,US,2026-01-24T11:25:04Z
cust_0072,Customer 72,customer72@example.com,US,2026-01-02T21:16:09Z
cust_0073,Customer 73,customer73@example.com,DE,2026-01-16T02:04:15Z
cust_0074,Customer 74,customer74@example.com,GB,2026-01-31T06:45:56Z
cust_0075,Customer 75,customer75@example.com,GB,2026-01-03T08:33:48Z
cust_0076,Customer 76,customer76@example.com,GB,2026-01-13T20:44:28Z
cust_0077,Customer 77,customer77@example.com,US,2026-01-08T22:33:03Z
cust_0078,Customer 78,customer78@example.com,IE,2026-01-03T23:56:03Z
cust_0079,Customer 79,customer79@example.com,NL,2026-01-19T09:29:39Z
cust_0080,Customer 80,customer80@example.com,NL,2026-01-07T08:41:25Z
cust_0081,Customer 81,customer81@example.com,IE,2026-01-09T04:45:54Z
cust_0082,Customer 82,customer82@example.com,CA,2026-01-22T16:38:49Z
cust_0083,Customer 83,customer83@example.com,GB,2026-01-11T00:20:20Z
cust_0084,Customer 84,customer84@example.com,GB,2026-01-15T02:40:02Z
cust_0085,Customer 85,customer85@example.com,FR,2026-01-18T18:25:07Z
cust_0086,Customer 86,customer86@example.com,DE,2026-01-09T12:42:25Z
cust_0087,Customer 87,customer87@example.com,GB,2026-01-29T08:53:38Z
cust_0088,Customer 88,customer88@example.com,CA,2026-01-12T05:44:36Z
cust_0089,Customer 89,customer89@example.com,CA,2026-01-15T22:16:13Z
cust_0090,Customer 90,customer90@example.com,US,2026-01-26T20:11:32Z
cust_0091,Customer 91,customer91@example.com,GB,2026-01-10T04:53:21Z
cust_0092,Customer 92,customer92@example.com,GB,2026-01-09T03:53:49Z
cust_0093,Customer 93,customer93@example.com,DE,2026-01-24T09:54:57Z
cust_0094,Customer 94,customer94@example.com,FR,2026-01-10T12:29:02Z
cust_0095,Customer 95,customer95@example.com,CA,2026-01-07T18:24:04Z
cust_0096,Customer 96,customer96@example.com,CA,2026-01-16T01:50:58Z
cust_0097,Customer 97,customer97@example.com,IE,2026-01-03T10:04:25Z
cust_0098,Customer 98,customer98@example.com,US,2026-01-02T12:08:39Z
cust_0099,Customer 99,customer99@example.com,DE,2026-01-25T23:11:47Z
cust_0100,Customer 100,customer100@example.com,DE,2026-01-09T16:05:12Z
cust_0101,Customer 101,customer101@example.com,IE,2026-01-18T20:25:19Z
cust_0102,Customer 102,customer102@example.com,GB,2026-01-01T02:44:22Z
cust_0103,Customer 103,customer103@example.com,DE,2026-01-31T19:51:51Z
cust_0104,Customer 104,customer104@example.com,NL,2026-01-02T21:12:30Z
cust_0105,Customer 105,customer105@example.com,DE,2026-01-18T15:38:53Z
cust_0106,Customer 106,customer106@example.com,US,2026-01-05T11:13:24Z
cust_0107,Customer 107,customer107@example.com,US,2026-01-12T13:01:38Z
cust_0108,Customer 108,customer108@example.com,FR,2026-01-07T03:44:33Z
cust_0109,Customer 109,customer109@example.com,IE,2026-01-12T22:35:51Z
cust_0110,Customer 110,customer110@example.com,DE,2026-01-24T08:37:09Z
cust_0111,Customer 111,customer111@example.com,DE,2026-01-28T06:26:46Z
cust_0112,Customer 112,customer112@example.com,IE,2026-01-29T00:54:08Z
cust_0113,Customer 113,customer113@example.com,NL,2026-01-06T14:59:24Z
cust_0114,Customer 114,customer114@example.com,FR,2026-01-26T09:42:50Z
cust_0115,Customer 115,customer115@example.com,GB,2026-01-06T13:55:40Z
cust_0116,Customer 116,customer116@example.com,US,2026-01-28T17:08:14Z
cust_0117,Customer 117,customer117@example.com,FR,2026-01-08T16:45:32Z
cust_0118,Customer 118,customer118@example.com,CA,2026-01-12T08:17:11Z
cust_0119,Customer 119,customer119@example.com,US,2026-01-08T07:01:53Z
cust_0120,Customer 120,customer120@example.com,NL,2026-01-13T10:08:37Z
cust_0121,Customer 121,customer121@example.com,GB,2026-01-28T10:09:45Z
cust_0122,Customer 122,customer122@example.com,IE,2026-01-12T19:31:22Z
cust_0123,Customer 123,customer123@example.com,US,2026-01-11T04:11:58Z
cust_0124,Customer 124,customer124@example.com,CA,2026-01-29T06:30:05Z
cust_0125,Customer 125,customer125@example.com,CA,2026-01-19T01:23:34Z
cust_0126,Customer 126,customer126@example.com,IE,2026-01-04T12:35:09Z
cust_0127,Customer 127,customer127@example.com,NL,2026-01-24T15:53:19Z
cust_0128,Customer 128,customer128@example.com,GB,2026-01-20T14:01:28Z
cust_0129,Customer 129,customer129@example.com,FR,2026-01-29T09:16:26Z
cust_0130,Customer 130,customer130@example.com,IE,2026-01-02T00:03:41Z
cust_0131,Customer 131,customer131@example.com,FR,2026-01-17T13:15:39Z
cust_0132,Customer 132,customer132@example.com,GB,2026-01-14T12:01:19Z
cust_0133,Customer 133,customer133@example.com,NL,2026-01-20T04:32:14Z
cust_0134,Customer 134,customer134@example.com,CA,2026-01-24T18:27:49Z
cust_0135,Customer 135,customer135@example.com,IE,2026-01-10T11:52:33Z
cust_0136,Customer 136,customer136@example.com,CA,2026-01-13T20:11:07Z
cust_0137,Customer 137,customer137@example.com,FR,2026-01-05T15:18:28Z
cust_0138,Customer 138,customer138@example.com,IE,2026-01-22T06:20:10Z
cust_0139,Customer 139,customer139@example.com,CA,2026-01-20T14:47:05Z
cust_0140,Customer 140,customer140@example.com,US,2026-01-18T11:03:49Z
cust_0141,Customer 141,customer141@example.com,FR,2026-01-10T15:39:06Z
cust_0142,Customer 142,customer142@example.com,NL,2026-01-26T16:55:46Z
cust_0143,Customer 143,customer143@example.com,ES,2026-01-15T07:46:50Z
cust_0144,Customer 144,customer144@example.com,ES,2026-01-17T06:10:41Z
cust_0145,Customer 145,customer145@example.com,GB,2026-01-22T10:19:56Z
cust_0146,Customer 146,customer146@example.com,NL,2026-01-17T03:24:00Z
cust_0147,Customer 147,customer147@example.com,FR,2026-01-27T11:18:07Z
cust_0148,Customer 148,customer148@example.com,FR,2026-01-08T05:21:53Z
cust_0149,Customer 149,customer149@example.com,US,2026-01-01T08:54:52Z
cust_0150,Customer 150,customer150@example.com,GB,2026-01-16T16:34:52Z
cust_0151,Customer 151,customer151@example.com,FR,2026-01-14T13:58:48Z
cust_0152,Customer 152,customer152@example.com,IE,2026-01-16T08:52:59Z
cust_0153,Customer 153,customer153@example.com,US,2026-01-05T03:52:50Z
cust_0154,Customer 154,customer154@example.com,IE,2026-01-25T07:58:03Z
cust_0155,Customer 155,customer155@example.com,ES,2026-01-06T01:49:42Z
cust_0156,Customer 156,customer156@example.com,FR,2026-01-18T04:25:06Z
cust_0157,Customer 157,customer157@example.com,DE,2026-01-15T16:55:01Z
cust_0158,Customer 158,customer158@example.com,NL,2026-01-22T16:06:48Z
cust_0159,Customer 159,customer159@example.com,IE,2026-01-20T19:56:50Z
cust_0160,Customer 160,customer160@example.com,DE,2026-01-15T17:16:56Z
cust_0161,Customer 161,customer161@example.com,CA,2026-01-15T09:00:06Z
cust_0162,Customer 162,customer162@example.com,CA,2026-01-27T18:58:47Z
cust_0163,Customer 163,customer163@example.com,FR,2026-01-16T09:59:52Z
cust_0164,Customer 164,customer164@example.com,GB,2026-01-15T10:24:10Z
cust_0165,Customer 165,customer165@example.com,CA,2026-01-08T12:13:40Z
cust_0166,Customer 166,customer166@example.com,GB,2026-01-11T05:02:16Z
cust_0167,Customer 167,customer167@example.com,FR,2026-01-05T13:56:45Z
cust_0168,Customer 168,customer168@example.com,DE,2026-01-23T07:47:23Z
cust_0169,Customer 169,customer169@example.com,IE,2026-01-03T14:50:24Z
cust_0170,Customer 170,customer170@example.com,ES,2026-01-11T15:08:16Z
cust_0171,Customer 171,customer171@example.com,FR,2026-01-02T15:17:49Z
cust_0172,Customer 172,customer172@example.com,US,2026-01-13T20:57:36Z
cust_0173,Customer 173,customer173@example.com,ES,2026-01-13T00:12:52Z
cust_0174,Customer 174,customer174@example.com,NL,2026-01-31T10:52:19Z
cust_0175,Customer 175,customer175@example.com,IE,2026-01-25T15:15:21Z
cust_0176,Customer 176,customer176@example.com,FR,2026-01-18T17:46:33Z
cust_0177,Customer 177,customer177@example.com,CA,2026-01-08T15:52:05Z
cust_0178,Customer 178,customer178@example.com,US,2026-01-16T14:09:28Z
cust_0179,Customer 179,customer179@example.com,IE,2026-01-11T06:00:32Z
cust_0180,Customer 180,customer180@example.com,ES,2026-01-27T04:38:48Z
cust_0181,Customer 181,customer181@example.com,US,2026-01-20T14:20:45Z
cust_0182,Customer 182,customer182@example.com,US,2026-01-19T03:03:23Z
cust_0183,Customer 183,customer183@example.com,IE,2026-01-21T04:56:26Z
cust_0184,Customer 184,customer184@example.com,ES,2026-01-28T06:36:59Z
cust_0185,Customer 185,customer185@example.com,CA,2026-01-02T13:48:09Z
cust_0186,Customer 186,customer186@example.com,FR,2026-01-11T16:33:18Z
cust_0187,Customer 187,customer187@example.com,NL,2026-01-11T13:48:12Z
cust_0188,Customer 188,customer188@example.com,IE,2026-01-09T09:11:05Z
cust_0189,Customer 189,customer189@example.com,GB,2026-01-27T17:07:24Z
cust_0190,Customer 190,customer190@example.com,US,2026-01-01T12:44:30Z
cust_0191,Customer 191,customer191@example.com,GB,2026-01-08T23:43:46Z
cust_0192,Customer 192,customer192@example.com,US,2026-01-02T09:00:11Z
cust_0193,Customer 193,customer193@example.com,US,2026-01-07T22:37:19Z
cust_0194,Customer 194,customer194@example.com,FR,2026-01-05T04:35:44Z
cust_0195,Customer 195,customer195@example.com,GB,2026-01-16T20:32:00Z
cust_0196,Customer 196,customer196@example.com,FR,2026-01-31T16:55:52Z
cust_0197,Customer 197,customer197@example.com,CA,2026-01-23T13:25:51Z
cust_0198,Customer 198,customer198@example.com,GB,2026-01-06T05:57:45Z
cust_0199,Customer 199,customer199@example.com,CA,2026-01-31T03:56:08Z
cust_0200,Customer 200,customer200@example.com,US,2026-01-19T11:21:28Z
cust_0201,Customer 201,customer201@example.com,IE,2026-01-19T14:26:30Z
cust_0202,Customer 202,customer202@example.com,FR,2026-01-31T02:46:01Z
cust_0203,Customer 203,customer203@example.com,FR,2026-01-19T03:42:36Z
cust_0204,Customer 204,customer204@example.com,CA,2026-01-23T21:51:37Z
cust_0205,Customer 205,customer205@example.com,GB,2026-01-26T20:36:17Z
cust_0206,Customer 206,customer206@example.com,US,2026-01-26T12:38:28Z
cust_0207,Customer 207,customer207@example.com,IE,2026-01-18T13:29:31Z
cust_0208,Customer 208,customer208@example.com,NL,2026-01-03T00:27:38Z
cust_0209,Customer 209,customer209@example.com,IE,2026-01-28T17:50:51Z
cust_0210,Customer 210,customer210@example.com,IE,2026-01-04T13:11:12Z
cust_0211,Customer 211,customer211@example.com,ES,2026-01-21T05:34:12Z
cust_0212,Customer 212,customer212@example.com,DE,2026-01-14T18:59:46Z
cust_0213,Customer 213,customer213@example.com,CA,2026-01-31T22:25:28Z
cust_0214,Customer 214,customer214@example.com,ES,2026-01-26T16:55:31Z
cust_0215,Customer 215,customer215@example.com,CA,2026-01-14T11:44:05Z
cust_0216,Customer 216,customer216@example.com,FR,2026-01-28T03:09:19Z
cust_0217,Customer 217,customer217@example.com,ES,2026-01-09T08:52:43Z
cust_0218,Customer 218,customer218@example.com,ES,2026-01-25T20:44:51Z
cust_0219,Customer 219,customer219@example.com,IE,2026-01-20T12:14:52Z
cust_0220,Customer 220,customer220@example.com,ES,2026-01-01T11:50:00Z
cust_0221,Customer 221,customer221@example.com,ES,2026-01-06T07:43:22Z
cust_0222,Customer 222,customer222@example.com,CA,2026-01-12T12:23:28Z
cust_0223,Customer 223,customer223@example.com,CA,2026-01-09T20:14:08Z
cust_0224,Customer 224,customer224@example.com,FR,2026-01-01T03:07:01Z
cust_0225,Customer 225,customer225@example.com,IE,2026-01-08T17:47:18Z
cust_0226,Customer 226,customer226@example.com,FR,2026-01-18T17:20:02Z
cust_0227,Customer 227,customer227@example.com,ES,2026-01-21T16:19:03Z
cust_0228,Customer 228,customer228@example.com,US,2026-01-26T03:23:16Z
cust_0229,Customer 229,customer229@example.com,FR,2026-01-10T14:43:25Z
cust_0230,Customer 230,customer230@example.com,FR,2026-01-23T11:08:55Z
cust_0231,Customer 231,customer231@example.com,NL,2026-01-22T17:13:51Z
cust_0232,Customer 232,customer232@example.com,NL,2026-01-18T15:29:31Z
cust_0233,Customer 233,customer233@example.com,NL,2026-01-24T12:48:32Z
cust_0234,Customer 234,customer234@example.com,ES,2026-01-23T09:51:49Z
cust_0235,Customer 235,customer235@example.com,CA,2026-01-10T08:23:37Z
cust_0236,Customer 236,customer236@example.com,FR,2026-01-04T11:29:19Z
cust_0237,Customer 237,customer237@example.com,DE,2026-01-04T06:58:25Z
cust_0238,Customer 238,customer238@example.com,ES,2026-01-07T10:04:01Z
cust_0239,Customer 239,customer239@example.com,CA,2026-01-24T03:39:36Z
cust_0240,Customer 240,customer240@example.com,FR,2026-01-27T10:47:09Z
cust_0241,Customer 241,customer241@example.com,NL,2026-01-08T06:31:59Z
cust_0242,Customer 242,customer242@example.com,US,2026-01-10T19:26:50Z
cust_0243,Customer 243,customer243@example.com,CA,2026-01-05T01:39:25Z
cust_0244,Customer 244,customer244@example.com,CA,2026-01-02T04:35:51Z
cust_0245,Customer 245,customer245@example.com,ES,2026-01-21T03:44:06Z
cust_0246,Customer 246,customer246@example.com,US,2026-01-28T20:54:03Z
cust_0247,Customer 247,customer247@example.com,ES,2026-01-10T17:25:46Z
cust_0248,Customer 248,customer248@example.com,NL,2026-01-15T06:42:44Z
cust_0249,Customer 249,customer249@example.com,US,2026-01-31T09:11:32Z
cust_0250,Customer 250,customer250@example.com,ES,2026-01-31T04:09:13Z
cust_0251,Customer 251,customer251@example.com,GB,2026-01-27T14:35:21Z
cust_0252,Customer 252,customer252@example.com,GB,2026-01-16T21:00:31Z
cust_0253,Customer 253,customer253@example.com,US,2026-01-21T05:31:27Z
cust_0254,Customer 254,customer254@example.com,CA,2026-01-05T03:06:04Z
cust_0255,Customer 255,customer255@example.com,GB,2026-01-08T20:19:07Z
cust_0256,Customer 256,customer256@example.com,IE,2026-01-25T22:04:31Z
cust_0257,Customer 257,customer257@example.com,FR,2026-01-20T19:01:34Z
cust_0258,Customer 258,customer258@example.com,ES,2026-01-13T16:07:08Z
cust_0259,Customer 259,customer259@example.com,IE,2026-01-10T11:07:06Z
cust_0260,Customer 260,customer260@example.com,US,2026-01-19T22:11:45Z
cust_0261,Customer 261,customer261@example.com,GB,2026-01-31T07:33:55Z
cust_0262,Customer 262,customer262@example.com,FR,2026-01-21T09:38:07Z
cust_0263,Customer 263,customer263@example.com,GB,2026-01-22T05:43:05Z
cust_0264,Customer 264,customer264@example.com,DE,2026-01-08T20:05:50Z
cust_0265,Customer 265,customer265@example.com,DE,2026-01-03T00:05:50Z
cust_0266,Customer 266,customer266@example.com,ES,2026-01-14T21:37:12Z
cust_0267,Customer 267,customer267@example.com,CA,2026-01-16T01:11:18Z
cust_0268,Customer 268,customer268@example.com,CA,2026-01-08T10:17:36Z
cust_0269,Customer 269,customer269@example.com,ES,2026-01-23T02:35:29Z
cust_0270,Customer 270,customer270@example.com,FR,2026-01-22T09:37:55Z
cust_0271,Customer 271,customer271@example.com,FR,2026-01-26T15:28:43Z
cust_0272,Customer 272,customer272@example.com,FR,2026-01-04T23:34:46Z
cust_0273,Customer 273,customer273@example.com,CA,2026-01-05T05:10:43Z
cust_0274,Customer 274,customer274@example.com,US,2026-01-03T06:02:27Z
cust_0275,Customer 275,customer275@example.com,CA,2026-01-26T21:39:53Z
cust_0276,Customer 276,customer276@example.com,CA,2026-01-24T15:59:20Z
cust_0277,Customer 277,customer277@example.com,ES,2026-01-04T11:04:17Z
cust_0278,Customer 278,customer278@example.com,IE,2026-01-23T09:54:43Z
cust_0279,Customer 279,customer279@example.com,ES,2026-01-17T15:56:17Z
cust_0280,Customer 280,customer280@example.com,US,2026-01-03T15:43:46Z
cust_0281,Customer 281,customer281@example.com,NL,2026-01-24T21:58:49Z
cust_0282,Customer 282,customer282@example.com,US,2026-01-09T03:19:30Z
cust_0283,Customer 283,customer283@example.com,US,2026-01-08T09:48:45Z
cust_0284,Customer 284,customer284@example.com,US,2026-01-19T06:22:42Z
cust_0285,Customer 285,customer285@example.com,ES,2026-01-16T10:07:38Z
cust_0286,Customer 286,customer286@example.com,IE,2026-01-06T23:06:42Z
cust_0287,Customer 287,customer287@example.com,ES,2026-01-27T03:19:19Z
cust_0288,Customer 288,customer288@example.com,NL,2026-01-16T14:52:03Z
cust_0289,Customer 289,customer289@example.com,NL,2026-01-11T03:48:30Z
cust_0290,Customer 290,customer290@example.com,DE,2026-01-28T12:00:28Z
cust_0291,Customer 291,customer291@example.com,ES,2026-01-14T10:29:37Z
cust_0292,Customer 292,customer292@example.com,IE,2026-01-22T20:01:42Z
cust_0293,Customer 293,customer293@example.com,ES,2026-01-02T03:12:22Z
cust_0294,Customer 294,customer294@example.com,CA,2026-01-11T11:46:12Z
cust_0295,Customer 295,customer295@example.com,IE,2026-01-04T18:44:09Z
cust_0296,Customer 296,customer296@example.com,US,2026-01-27T23:56:40Z
cust_0297,Customer 297,customer297@example.com,ES,2026-01-28T15:02:45Z
cust_0298,Customer 298,customer298@example.com,FR,2026-01-02T18:52:32Z
cust_0299,Customer 299,customer299@example.com,ES,2026-01-12T22:46:13Z
cust_0300,Customer 300,customer300@example.com,US,2026-01-15T07:24:40Z
cust_0301,Customer 301,customer301@example.com,DE,2026-01-09T10:29:12Z
cust_0302,Customer 302,customer302@example.com,ES,2026-01-15T04:25:15Z
cust_0303,Customer 303,customer303@example.com,FR,2026-01-01T05:45:58Z
cust_0304,Customer 304,customer304@example.com,US,2026-01-10T20:06:24Z
cust_0305,Customer 305,customer305@example.com,GB,2026-01-14T08:10:51Z
cust_0306,Customer 306,customer306@example.com,GB,2026-01-27T16:48:02Z
cust_0307,Customer 307,customer307@example.com,GB,2026-01-31T23:34:56Z
cust_0308,Customer 308,customer308@example.com,DE,2026-01-27T18:08:43Z
cust_0309,Customer 309,customer309@example.com,CA,2026-01-30T18:31:38Z
cust_0310,Customer 310,customer310@example.com,CA,2026-01-23T15:07:39Z
cust_0311,Customer 311,customer311@example.com,ES,2026-01-27T17:11:34Z
cust_0312,Customer 312,customer312@example.com,ES,2026-01-08T20:04:15Z
cust_0313,Customer 313,customer313@example.com,IE,2026-01-05T06:56:23Z
cust_0314,Customer 314,customer314@example.com,DE,2026-01-30T02:32:30Z
cust_0315,Customer 315,customer315@example.com,IE,2026-01-09T12:22:28Z
cust_0316,Customer 316,customer316@example.com,CA,2026-01-30T00:05:36Z
cust_0317,Customer 317,customer317@example.com,CA,2026-01-10T21:22:11Z
cust_0318,Customer 318,customer318@example.com,ES,2026-01-19T05:24:36Z
cust_0319,Customer 319,customer319@example.com,ES,2026-01-15T12:33:56Z
cust_0320,Customer 320,customer320@example.com,IE,2026-01-11T16:34:42Z
cust_0321,Customer 321,customer321@example.com,NL,2026-01-30T06:52:07Z
cust_0322,Customer 322,customer322@example.com,FR,2026-01-23T20:49:06Z
cust_0323,Customer 323,customer323@example.com,FR,2026-01-13T14:57:21Z
cust_0324,Customer 324,customer324@example.com,NL,2026-01-02T17:13:13Z
cust_0325,Customer 325,customer325@example.com,IE,2026-01-23T14:03:24Z
cust_0326,Customer 326,customer326@example.com,DE,2026-01-22T18:02:03Z
cust_0327,Customer 327,customer327@example.com,US,2026-01-31T04:35:47Z
cust_0328,Customer 328,customer328@example.com,NL,2026-01-17T03:39:14Z
cust_0329,Customer 329,customer329@example.com,ES,2026-01-28T03:37:49Z
cust_0330,Customer 330,customer330@example.com,ES,2026-01-17T00:33:31Z
cust_0331,Customer 331,customer331@example.com,DE,2026-01-24T14:55:36Z
cust_0332,Customer 332,customer332@example.com,DE,2026-01-28T02:43:27Z
cust_0333,Customer 333,customer333@example.com,CA,2026-01-16T12:19:35Z
cust_0334,Customer 334,customer334@example.com,IE,2026-01-20T23:39:35Z
cust_0335,Customer 335,customer335@example.com,NL,2026-01-03T19:25:42Z
cust_0336,Customer 336,customer336@example.com,NL,2026-01-13T22:49:15Z
cust_0337,Customer 337,customer337@example.com,ES,2026-01-23T19:41:52Z
cust_0338,Customer 338,customer338@example.com,GB,2026-01-02T08:32:51Z
cust_0339,Customer 339,customer339@example.com,CA,2026-01-21T08:16:57Z
cust_0340,Customer 340,customer340@example.com,GB,2026-01-24T15:48:01Z
cust_0341,Customer 341,customer341@example.com,GB,2026-01-04T16:09:13Z
cust_0342,Customer 342,customer342@example.com,CA,2026-01-06T01:03:14Z
cust_0343,Customer 343,customer343@example.com,NL,2026-01-02T02:02:35Z
cust_0344,Customer 344,customer344@example.com,NL,2026-01-10T13:38:51Z
cust_0345,Customer 345,customer345@example.com,DE,2026-01-14T08:53:27Z
cust_0346,Customer 346,customer346@example.com,IE,2026-01-17T20:36:17Z
cust_0347,Customer 347,customer347@example.com,DE,2026-01-22T06:11:20Z
cust_0348,Customer 348,customer348@example.com,GB,2026-01-06T22:11:27Z
cust_0349,Customer 349,customer349@example.com,IE,2026-01-28T22:33:46Z
cust_0350,Customer 350,customer350@example.com,FR,2026-01-22T18:07:10Z
cust_0351,Customer 351,customer351@example.com,DE,2026-01-30T08:27:13Z
cust_0352,Customer 352,customer352@example.com,CA,2026-01-15T16:43:56Z
cust_0353,Customer 353,customer353@example.com,US,2026-01-09T16:56:21Z
cust_0354,Customer 354,customer354@example.com,CA,2026-01-29T19:54:03Z
cust_0355,Customer 355,customer355@example.com,GB,2026-01-06T16:04:58Z
cust_0356,Customer 356,customer356@example.com,NL,2026-01-31T21:23:34Z
cust_0357,Customer 357,customer357@example.com,IE,2026-01-10T09:06:20Z
cust_0358,Customer 358,customer358@example.com,CA,2026-01-15T07:15:11Z
cust_0359,Customer 359,customer359@example.com,ES,2026-01-13T03:52:59Z
cust_0360,Customer 360,customer360@example.com,IE,2026-01-08T20:49:23Z
cust_0361,Customer 361,customer361@example.com,CA,2026-01-12T10:44:56Z
cust_0362,Customer 362,customer362@example.com,IE,2026-01-01T09:59:36Z
cust_0363,Customer 363,customer363@example.com,US,2026-01-01T22:04:42Z
cust_0364,Customer 364,customer364@example.com,ES,2026-01-24T10:25:12Z
cust_0365,Customer 365,customer365@example.com,FR,2026-01-25T22:06:09Z
cust_0366,Customer 366,customer366@example.com,NL,2026-01-26T07:58:25Z
cust_0367,Customer 367,customer367@example.com,FR,2026-01-21T22:36:21Z
cust_0368,Customer 368,customer368@example.com,DE,2026-01-09T22:52:25Z
cust_0369,Customer 369,customer369@example.com,US,2026-01-04T11:14:52Z
cust_0370,Customer 370,customer370@example.com,ES,2026-01-26T01:12:53Z
cust_0371,Customer 371,customer371@example.com,NL,2026-01-19T04:47:04Z
cust_0372,Customer 372,customer372@example.com,CA,2026-01-03T11:53:43Z
cust_0373,Customer 373,customer373@example.com,IE,2026-01-24T06:23:41Z
cust_0374,Customer 374,customer374@example.com,DE,2026-01-07T19:38:21Z
cust_0375,Customer 375,customer375@example.com,NL,2026-01-29T19:19:39Z
cust_0376,Customer 376,customer376@example.com,CA,2026-01-17T05:59:27Z
cust_0377,Customer 377,customer377@example.com,ES,2026-01-09T10:44:44Z
cust_0378,Customer 378,customer378@example.com,NL,2026-01-24T04:11:35Z
cust_0379,Customer 379,customer379@example.com,GB,2026-01-15T05:07:29Z
cust_0380,Customer 380,customer380@example.com,FR,2026-01-25T14:28:09Z
cust_0381,Customer 381,customer381@example.com,NL,2026-01-31T03:17:16Z
cust_0382,Customer 382,customer382@example.com,IE,2026-01-26T00:30:24Z
cust_0383,Customer 383,customer383@example.com,GB,2026-01-09T16:33:29Z
cust_0384,Customer 384,customer384@example.com,CA,2026-01-12T21:16:59Z
cust_0385,Customer 385,customer385@example.com,NL,2026-01-13T03:56:41Z
cust_0386,Customer 386,customer386@example.com,FR,2026-01-22T17:09:57Z
cust_0387,Customer 387,customer387@example.com,NL,2026-01-01T22:12:44Z
cust_0388,Customer 388,customer388@example.com,GB,2026-01-08T23:08:03Z
cust_0389,Customer 389,customer389@example.com,ES,2026-01-27T11:00:08Z
cust_0390,Customer 390,customer390@example.com,IE,2026-01-21T04:14:52Z
cust_0391,Customer 391,customer391@example.com,US,2026-01-05T01:21:17Z
cust_0392,Customer 392,customer392@example.com,ES,2026-01-10T04:13:40Z
cust_0393,Customer 393,customer393@example.com,FR,2026-01-04T19:34:17Z
cust_0394,Customer 394,customer394@example.com,IE,2026-01-05T16:30:59Z
cust_0395,Customer 395,customer395@example.com,IE,2026-01-12T21:23:03Z
cust_0396,Customer 396,customer396@example.com,DE,2026-01-24T15:06:19Z
cust_0397,Customer 397,customer397@example.com,GB,2026-01-21T17:48:59Z
cust_0398,Customer 398,customer398@example.com,IE,2026-01-20T10:11:06Z
cust_0399,Customer 399,customer399@example.com,NL,2026-01-02T07:54:37Z
cust_0400,Customer 400,customer400@example.com,ES,2026-01-15T08:35:47Z
